<?xml version="1.0" encoding="utf-8"?>
<annotation>
<folder>images</folder>
<filename>012b1c3d-shuttlecok_021.jpeg</filename>
<source>
<database>MyDatabase</database>
<annotation>COCO2017</annotation>
<image>flickr</image>
<flickrid>NULL</flickrid>
<annotator>1</annotator>
</source>
<owner>
<flickrid>NULL</flickrid>
<name>Label Studio</name>
</owner>
<size>
<width>1024</width>
<height>856</height>
<depth>4</depth>
</size>
<segmented>0</segmented>
<object>
<name>Shuttlecock</name>
<pose>Unspecified</pose>
<truncated>0</truncated>
<difficult>0</difficult>
<bndbox>
<xmin>26</xmin>
<ymin>57</ymin>
<xmax>721</xmax>
<ymax>533</ymax>
</bndbox>
</object>
</annotation>
