<?xml version="1.0" encoding="utf-8"?>
<annotation>
<folder>images</folder>
<filename>0d90dc80-mask_005.jpg</filename>
<source>
<database>MyDatabase</database>
<annotation>COCO2017</annotation>
<image>flickr</image>
<flickrid>NULL</flickrid>
<annotator>1</annotator>
</source>
<owner>
<flickrid>NULL</flickrid>
<name>Label Studio</name>
</owner>
<size>
<width>870</width>
<height>605</height>
<depth>3</depth>
</size>
<segmented>0</segmented>
<object>
<name>Wearing_Mask</name>
<pose>Unspecified</pose>
<truncated>0</truncated>
<difficult>0</difficult>
<bndbox>
<xmin>509</xmin>
<ymin>217</ymin>
<xmax>646</xmax>
<ymax>409</ymax>
</bndbox>
</object>
</annotation>
