<?xml version="1.0" encoding="utf-8"?>
<annotation>
<folder>images</folder>
<filename>16fe35c5-shuttlecok_044.jpeg</filename>
<source>
<database>MyDatabase</database>
<annotation>COCO2017</annotation>
<image>flickr</image>
<flickrid>NULL</flickrid>
<annotator>1</annotator>
</source>
<owner>
<flickrid>NULL</flickrid>
<name>Label Studio</name>
</owner>
<size>
<width>1023</width>
<height>683</height>
<depth>3</depth>
</size>
<segmented>0</segmented>
<object>
<name>Shuttlecock</name>
<pose>Unspecified</pose>
<truncated>0</truncated>
<difficult>0</difficult>
<bndbox>
<xmin>406</xmin>
<ymin>62</ymin>
<xmax>637</xmax>
<ymax>370</ymax>
</bndbox>
</object>
</annotation>
