<?xml version="1.0" encoding="utf-8"?>
<annotation>
<folder>images</folder>
<filename>1b918869-mask_059.jpg</filename>
<source>
<database>MyDatabase</database>
<annotation>COCO2017</annotation>
<image>flickr</image>
<flickrid>NULL</flickrid>
<annotator>1</annotator>
</source>
<owner>
<flickrid>NULL</flickrid>
<name>Label Studio</name>
</owner>
<size>
<width>1908</width>
<height>1146</height>
<depth>3</depth>
</size>
<segmented>0</segmented>
<object>
<name>Wearing_Mask</name>
<pose>Unspecified</pose>
<truncated>0</truncated>
<difficult>0</difficult>
<bndbox>
<xmin>277</xmin>
<ymin>121</ymin>
<xmax>580</xmax>
<ymax>539</ymax>
</bndbox>
</object>
</annotation>
