<?xml version="1.0" encoding="utf-8"?>
<annotation>
<folder>images</folder>
<filename>1c068892-shuttlecok_002.jpg</filename>
<source>
<database>MyDatabase</database>
<annotation>COCO2017</annotation>
<image>flickr</image>
<flickrid>NULL</flickrid>
<annotator>1</annotator>
</source>
<owner>
<flickrid>NULL</flickrid>
<name>Label Studio</name>
</owner>
<size>
<width>1280</width>
<height>901</height>
<depth>3</depth>
</size>
<segmented>0</segmented>
<object>
<name>Shuttlecock</name>
<pose>Unspecified</pose>
<truncated>0</truncated>
<difficult>0</difficult>
<bndbox>
<xmin>454</xmin>
<ymin>261</ymin>
<xmax>746</xmax>
<ymax>650</ymax>
</bndbox>
</object>
</annotation>
