<?xml version="1.0" encoding="utf-8"?>
<annotation>
<folder>images</folder>
<filename>22294392-shuttlecok_017.jpg</filename>
<source>
<database>MyDatabase</database>
<annotation>COCO2017</annotation>
<image>flickr</image>
<flickrid>NULL</flickrid>
<annotator>1</annotator>
</source>
<owner>
<flickrid>NULL</flickrid>
<name>Label Studio</name>
</owner>
<size>
<width>2048</width>
<height>1735</height>
<depth>3</depth>
</size>
<segmented>0</segmented>
<object>
<name>Shuttlecock</name>
<pose>Unspecified</pose>
<truncated>0</truncated>
<difficult>0</difficult>
<bndbox>
<xmin>1702</xmin>
<ymin>46</ymin>
<xmax>1976</xmax>
<ymax>372</ymax>
</bndbox>
</object>
<object>
<name>Shuttlecock</name>
<pose>Unspecified</pose>
<truncated>0</truncated>
<difficult>0</difficult>
<bndbox>
<xmin>1969</xmin>
<ymin>201</ymin>
<xmax>1977</xmax>
<ymax>203</ymax>
</bndbox>
</object>
</annotation>
