<?xml version="1.0" encoding="utf-8"?>
<annotation>
<folder>images</folder>
<filename>274fa78c-mask_013.png</filename>
<source>
<database>MyDatabase</database>
<annotation>COCO2017</annotation>
<image>flickr</image>
<flickrid>NULL</flickrid>
<annotator>1</annotator>
</source>
<owner>
<flickrid>NULL</flickrid>
<name>Label Studio</name>
</owner>
<size>
<width>400</width>
<height>225</height>
<depth>4</depth>
</size>
<segmented>0</segmented>
<object>
<name>Wearing_Mask</name>
<pose>Unspecified</pose>
<truncated>0</truncated>
<difficult>0</difficult>
<bndbox>
<xmin>143</xmin>
<ymin>41</ymin>
<xmax>221</xmax>
<ymax>127</ymax>
</bndbox>
</object>
<object>
<name>Wearing_Mask</name>
<pose>Unspecified</pose>
<truncated>0</truncated>
<difficult>0</difficult>
<bndbox>
<xmin>318</xmin>
<ymin>96</ymin>
<xmax>354</xmax>
<ymax>144</ymax>
</bndbox>
</object>
</annotation>
