<?xml version="1.0" encoding="utf-8"?>
<annotation>
<folder>images</folder>
<filename>2894d68d-mask_021.png</filename>
<source>
<database>MyDatabase</database>
<annotation>COCO2017</annotation>
<image>flickr</image>
<flickrid>NULL</flickrid>
<annotator>1</annotator>
</source>
<owner>
<flickrid>NULL</flickrid>
<name>Label Studio</name>
</owner>
<size>
<width>400</width>
<height>267</height>
<depth>4</depth>
</size>
<segmented>0</segmented>
<object>
<name>Wearing_Mask</name>
<pose>Unspecified</pose>
<truncated>0</truncated>
<difficult>0</difficult>
<bndbox>
<xmin>195</xmin>
<ymin>4</ymin>
<xmax>281</xmax>
<ymax>114</ymax>
</bndbox>
</object>
</annotation>
