<?xml version="1.0" encoding="utf-8"?>
<annotation>
<folder>images</folder>
<filename>2c3c79e8-shuttlecok_020.jpeg</filename>
<source>
<database>MyDatabase</database>
<annotation>COCO2017</annotation>
<image>flickr</image>
<flickrid>NULL</flickrid>
<annotator>1</annotator>
</source>
<owner>
<flickrid>NULL</flickrid>
<name>Label Studio</name>
</owner>
<size>
<width>1024</width>
<height>697</height>
<depth>3</depth>
</size>
<segmented>0</segmented>
<object>
<name>Shuttlecock</name>
<pose>Unspecified</pose>
<truncated>0</truncated>
<difficult>0</difficult>
<bndbox>
<xmin>160</xmin>
<ymin>103</ymin>
<xmax>632</xmax>
<ymax>509</ymax>
</bndbox>
</object>
</annotation>
