<?xml version="1.0" encoding="utf-8"?>
<annotation>
<folder>images</folder>
<filename>2fba7819-mask_004.jpg</filename>
<source>
<database>MyDatabase</database>
<annotation>COCO2017</annotation>
<image>flickr</image>
<flickrid>NULL</flickrid>
<annotator>1</annotator>
</source>
<owner>
<flickrid>NULL</flickrid>
<name>Label Studio</name>
</owner>
<size>
<width>596</width>
<height>800</height>
<depth>3</depth>
</size>
<segmented>0</segmented>
<object>
<name>Wearing_Mask</name>
<pose>Unspecified</pose>
<truncated>0</truncated>
<difficult>0</difficult>
<bndbox>
<xmin>103</xmin>
<ymin>42</ymin>
<xmax>256</xmax>
<ymax>238</ymax>
</bndbox>
</object>
</annotation>
