<?xml version="1.0" encoding="utf-8"?>
<annotation>
<folder>images</folder>
<filename>358f3bf9-shuttlecok_041.jpg</filename>
<source>
<database>MyDatabase</database>
<annotation>COCO2017</annotation>
<image>flickr</image>
<flickrid>NULL</flickrid>
<annotator>1</annotator>
</source>
<owner>
<flickrid>NULL</flickrid>
<name>Label Studio</name>
</owner>
<size>
<width>1000</width>
<height>667</height>
<depth>3</depth>
</size>
<segmented>0</segmented>
<object>
<name>Shuttlecock</name>
<pose>Unspecified</pose>
<truncated>0</truncated>
<difficult>0</difficult>
<bndbox>
<xmin>539</xmin>
<ymin>58</ymin>
<xmax>912</xmax>
<ymax>531</ymax>
</bndbox>
</object>
</annotation>
