<?xml version="1.0" encoding="utf-8"?>
<annotation>
<folder>images</folder>
<filename>3702e04f-shuttlecok_031.jpeg</filename>
<source>
<database>MyDatabase</database>
<annotation>COCO2017</annotation>
<image>flickr</image>
<flickrid>NULL</flickrid>
<annotator>1</annotator>
</source>
<owner>
<flickrid>NULL</flickrid>
<name>Label Studio</name>
</owner>
<size>
<width>1023</width>
<height>682</height>
<depth>3</depth>
</size>
<segmented>0</segmented>
<object>
<name>Shuttlecock</name>
<pose>Unspecified</pose>
<truncated>0</truncated>
<difficult>0</difficult>
<bndbox>
<xmin>183</xmin>
<ymin>67</ymin>
<xmax>565</xmax>
<ymax>601</ymax>
</bndbox>
</object>
<object>
<name>Shuttlecock</name>
<pose>Unspecified</pose>
<truncated>0</truncated>
<difficult>0</difficult>
<bndbox>
<xmin>482</xmin>
<ymin>80</ymin>
<xmax>960</xmax>
<ymax>629</ymax>
</bndbox>
</object>
</annotation>
