<?xml version="1.0" encoding="utf-8"?>
<annotation>
<folder>images</folder>
<filename>382a83d0-shuttlecok_022.jpeg</filename>
<source>
<database>MyDatabase</database>
<annotation>COCO2017</annotation>
<image>flickr</image>
<flickrid>NULL</flickrid>
<annotator>1</annotator>
</source>
<owner>
<flickrid>NULL</flickrid>
<name>Label Studio</name>
</owner>
<size>
<width>1023</width>
<height>682</height>
<depth>3</depth>
</size>
<segmented>0</segmented>
<object>
<name>Shuttlecock</name>
<pose>Unspecified</pose>
<truncated>0</truncated>
<difficult>0</difficult>
<bndbox>
<xmin>433</xmin>
<ymin>135</ymin>
<xmax>706</xmax>
<ymax>493</ymax>
</bndbox>
</object>
<object>
<name>Shuttlecock</name>
<pose>Unspecified</pose>
<truncated>0</truncated>
<difficult>0</difficult>
<bndbox>
<xmin>634</xmin>
<ymin>183</ymin>
<xmax>1022</xmax>
<ymax>512</ymax>
</bndbox>
</object>
</annotation>
