<?xml version="1.0" encoding="utf-8"?>
<annotation>
<folder>images</folder>
<filename>3bbb1bdf-mask_069.jpg</filename>
<source>
<database>MyDatabase</database>
<annotation>COCO2017</annotation>
<image>flickr</image>
<flickrid>NULL</flickrid>
<annotator>1</annotator>
</source>
<owner>
<flickrid>NULL</flickrid>
<name>Label Studio</name>
</owner>
<size>
<width>1920</width>
<height>1277</height>
<depth>3</depth>
</size>
<segmented>0</segmented>
<object>
<name>Wearing_Mask</name>
<pose>Unspecified</pose>
<truncated>0</truncated>
<difficult>0</difficult>
<bndbox>
<xmin>354</xmin>
<ymin>142</ymin>
<xmax>616</xmax>
<ymax>424</ymax>
</bndbox>
</object>
<object>
<name>Wearing_Mask</name>
<pose>Unspecified</pose>
<truncated>0</truncated>
<difficult>0</difficult>
<bndbox>
<xmin>914</xmin>
<ymin>57</ymin>
<xmax>1193</xmax>
<ymax>353</ymax>
</bndbox>
</object>
</annotation>
