<?xml version="1.0" encoding="utf-8"?>
<annotation>
<folder>images</folder>
<filename>3c91e4e4-shuttlecok_047.jpeg</filename>
<source>
<database>MyDatabase</database>
<annotation>COCO2017</annotation>
<image>flickr</image>
<flickrid>NULL</flickrid>
<annotator>1</annotator>
</source>
<owner>
<flickrid>NULL</flickrid>
<name>Label Studio</name>
</owner>
<size>
<width>1023</width>
<height>592</height>
<depth>3</depth>
</size>
<segmented>0</segmented>
<object>
<name>Shuttlecock</name>
<pose>Unspecified</pose>
<truncated>0</truncated>
<difficult>0</difficult>
<bndbox>
<xmin>294</xmin>
<ymin>313</ymin>
<xmax>478</xmax>
<ymax>461</ymax>
</bndbox>
</object>
<object>
<name>Shuttlecock</name>
<pose>Unspecified</pose>
<truncated>0</truncated>
<difficult>0</difficult>
<bndbox>
<xmin>612</xmin>
<ymin>41</ymin>
<xmax>1022</xmax>
<ymax>393</ymax>
</bndbox>
</object>
</annotation>
