<?xml version="1.0" encoding="utf-8"?>
<annotation>
<folder>images</folder>
<filename>409a4ecb-mask_046.jpg</filename>
<source>
<database>MyDatabase</database>
<annotation>COCO2017</annotation>
<image>flickr</image>
<flickrid>NULL</flickrid>
<annotator>1</annotator>
</source>
<owner>
<flickrid>NULL</flickrid>
<name>Label Studio</name>
</owner>
<size>
<width>1140</width>
<height>855</height>
<depth>3</depth>
</size>
<segmented>0</segmented>
<object>
<name>Wearing_Mask</name>
<pose>Unspecified</pose>
<truncated>0</truncated>
<difficult>0</difficult>
<bndbox>
<xmin>313</xmin>
<ymin>0</ymin>
<xmax>733</xmax>
<ymax>526</ymax>
</bndbox>
</object>
</annotation>
