<?xml version="1.0" encoding="utf-8"?>
<annotation>
<folder>images</folder>
<filename>464cf2e8-mask_068.jpg</filename>
<source>
<database>MyDatabase</database>
<annotation>COCO2017</annotation>
<image>flickr</image>
<flickrid>NULL</flickrid>
<annotator>1</annotator>
</source>
<owner>
<flickrid>NULL</flickrid>
<name>Label Studio</name>
</owner>
<size>
<width>1418</width>
<height>800</height>
<depth>3</depth>
</size>
<segmented>0</segmented>
<object>
<name>Wearing_Mask</name>
<pose>Unspecified</pose>
<truncated>0</truncated>
<difficult>0</difficult>
<bndbox>
<xmin>687</xmin>
<ymin>113</ymin>
<xmax>862</xmax>
<ymax>292</ymax>
</bndbox>
</object>
<object>
<name>Wearing_Mask</name>
<pose>Unspecified</pose>
<truncated>0</truncated>
<difficult>0</difficult>
<bndbox>
<xmin>1062</xmin>
<ymin>155</ymin>
<xmax>1194</xmax>
<ymax>311</ymax>
</bndbox>
</object>
</annotation>
