<?xml version="1.0" encoding="utf-8"?>
<annotation>
<folder>images</folder>
<filename>477f0e32-shuttlecok_026.jpeg</filename>
<source>
<database>MyDatabase</database>
<annotation>COCO2017</annotation>
<image>flickr</image>
<flickrid>NULL</flickrid>
<annotator>1</annotator>
</source>
<owner>
<flickrid>NULL</flickrid>
<name>Label Studio</name>
</owner>
<size>
<width>1023</width>
<height>682</height>
<depth>3</depth>
</size>
<segmented>0</segmented>
<object>
<name>Shuttlecock</name>
<pose>Unspecified</pose>
<truncated>0</truncated>
<difficult>0</difficult>
<bndbox>
<xmin>0</xmin>
<ymin>81</ymin>
<xmax>205</xmax>
<ymax>426</ymax>
</bndbox>
</object>
<object>
<name>Shuttlecock</name>
<pose>Unspecified</pose>
<truncated>0</truncated>
<difficult>0</difficult>
<bndbox>
<xmin>289</xmin>
<ymin>313</ymin>
<xmax>640</xmax>
<ymax>565</ymax>
</bndbox>
</object>
<object>
<name>Shuttlecock</name>
<pose>Unspecified</pose>
<truncated>0</truncated>
<difficult>0</difficult>
<bndbox>
<xmin>626</xmin>
<ymin>22</ymin>
<xmax>963</xmax>
<ymax>291</ymax>
</bndbox>
</object>
</annotation>
