<?xml version="1.0" encoding="utf-8"?>
<annotation>
<folder>images</folder>
<filename>68c8cbaa-mask_011.jpg</filename>
<source>
<database>MyDatabase</database>
<annotation>COCO2017</annotation>
<image>flickr</image>
<flickrid>NULL</flickrid>
<annotator>1</annotator>
</source>
<owner>
<flickrid>NULL</flickrid>
<name>Label Studio</name>
</owner>
<size>
<width>1060</width>
<height>596</height>
<depth>3</depth>
</size>
<segmented>0</segmented>
<object>
<name>Wearing_Mask</name>
<pose>Unspecified</pose>
<truncated>0</truncated>
<difficult>0</difficult>
<bndbox>
<xmin>257</xmin>
<ymin>42</ymin>
<xmax>541</xmax>
<ymax>389</ymax>
</bndbox>
</object>
</annotation>
