<?xml version="1.0" encoding="utf-8"?>
<annotation>
<folder>images</folder>
<filename>6dd1296d-shuttlecok_050.jpeg</filename>
<source>
<database>MyDatabase</database>
<annotation>COCO2017</annotation>
<image>flickr</image>
<flickrid>NULL</flickrid>
<annotator>1</annotator>
</source>
<owner>
<flickrid>NULL</flickrid>
<name>Label Studio</name>
</owner>
<size>
<width>1023</width>
<height>685</height>
<depth>1</depth>
</size>
<segmented>0</segmented>
<object>
<name>Shuttlecock</name>
<pose>Unspecified</pose>
<truncated>0</truncated>
<difficult>0</difficult>
<bndbox>
<xmin>80</xmin>
<ymin>219</ymin>
<xmax>511</xmax>
<ymax>551</ymax>
</bndbox>
</object>
</annotation>
