<?xml version="1.0" encoding="utf-8"?>
<annotation>
<folder>images</folder>
<filename>73d79d12-mask_070.jpg</filename>
<source>
<database>MyDatabase</database>
<annotation>COCO2017</annotation>
<image>flickr</image>
<flickrid>NULL</flickrid>
<annotator>1</annotator>
</source>
<owner>
<flickrid>NULL</flickrid>
<name>Label Studio</name>
</owner>
<size>
<width>755</width>
<height>425</height>
<depth>3</depth>
</size>
<segmented>0</segmented>
<object>
<name>Wearing_Mask</name>
<pose>Unspecified</pose>
<truncated>0</truncated>
<difficult>0</difficult>
<bndbox>
<xmin>380</xmin>
<ymin>7</ymin>
<xmax>596</xmax>
<ymax>257</ymax>
</bndbox>
</object>
</annotation>
