<?xml version="1.0" encoding="utf-8"?>
<annotation>
<folder>images</folder>
<filename>7406e758-mask_064.jpg</filename>
<source>
<database>MyDatabase</database>
<annotation>COCO2017</annotation>
<image>flickr</image>
<flickrid>NULL</flickrid>
<annotator>1</annotator>
</source>
<owner>
<flickrid>NULL</flickrid>
<name>Label Studio</name>
</owner>
<size>
<width>1260</width>
<height>844</height>
<depth>3</depth>
</size>
<segmented>0</segmented>
<object>
<name>Wearing_Mask</name>
<pose>Unspecified</pose>
<truncated>0</truncated>
<difficult>0</difficult>
<bndbox>
<xmin>333</xmin>
<ymin>36</ymin>
<xmax>814</xmax>
<ymax>511</ymax>
</bndbox>
</object>
</annotation>
