<?xml version="1.0" encoding="utf-8"?>
<annotation>
<folder>images</folder>
<filename>7565e10b-mask_001.jpg</filename>
<source>
<database>MyDatabase</database>
<annotation>COCO2017</annotation>
<image>flickr</image>
<flickrid>NULL</flickrid>
<annotator>1</annotator>
</source>
<owner>
<flickrid>NULL</flickrid>
<name>Label Studio</name>
</owner>
<size>
<width>1800</width>
<height>1012</height>
<depth>3</depth>
</size>
<segmented>0</segmented>
<object>
<name>Wearing_Mask</name>
<pose>Unspecified</pose>
<truncated>0</truncated>
<difficult>0</difficult>
<bndbox>
<xmin>617</xmin>
<ymin>134</ymin>
<xmax>869</xmax>
<ymax>441</ymax>
</bndbox>
</object>
<object>
<name>Wearing_Mask</name>
<pose>Unspecified</pose>
<truncated>0</truncated>
<difficult>0</difficult>
<bndbox>
<xmin>871</xmin>
<ymin>140</ymin>
<xmax>1107</xmax>
<ymax>476</ymax>
</bndbox>
</object>
</annotation>
