<?xml version="1.0" encoding="utf-8"?>
<annotation>
<folder>images</folder>
<filename>76bd3dfc-shuttlecok_033.jpeg</filename>
<source>
<database>MyDatabase</database>
<annotation>COCO2017</annotation>
<image>flickr</image>
<flickrid>NULL</flickrid>
<annotator>1</annotator>
</source>
<owner>
<flickrid>NULL</flickrid>
<name>Label Studio</name>
</owner>
<size>
<width>1023</width>
<height>682</height>
<depth>3</depth>
</size>
<segmented>0</segmented>
<object>
<name>Shuttlecock</name>
<pose>Unspecified</pose>
<truncated>0</truncated>
<difficult>0</difficult>
<bndbox>
<xmin>202</xmin>
<ymin>129</ymin>
<xmax>661</xmax>
<ymax>607</ymax>
</bndbox>
</object>
<object>
<name>Shuttlecock</name>
<pose>Unspecified</pose>
<truncated>0</truncated>
<difficult>0</difficult>
<bndbox>
<xmin>452</xmin>
<ymin>195</ymin>
<xmax>958</xmax>
<ymax>612</ymax>
</bndbox>
</object>
</annotation>
