<?xml version="1.0" encoding="utf-8"?>
<annotation>
<folder>images</folder>
<filename>77a09e71-shuttlecok_075.jpg</filename>
<source>
<database>MyDatabase</database>
<annotation>COCO2017</annotation>
<image>flickr</image>
<flickrid>NULL</flickrid>
<annotator>1</annotator>
</source>
<owner>
<flickrid>NULL</flickrid>
<name>Label Studio</name>
</owner>
<size>
<width>2048</width>
<height>1366</height>
<depth>3</depth>
</size>
<segmented>0</segmented>
<object>
<name>Shuttlecock</name>
<pose>Unspecified</pose>
<truncated>0</truncated>
<difficult>0</difficult>
<bndbox>
<xmin>852</xmin>
<ymin>554</ymin>
<xmax>1199</xmax>
<ymax>978</ymax>
</bndbox>
</object>
</annotation>
