<?xml version="1.0" encoding="utf-8"?>
<annotation>
<folder>images</folder>
<filename>7879430c-shuttlecok_040.jpg</filename>
<source>
<database>MyDatabase</database>
<annotation>COCO2017</annotation>
<image>flickr</image>
<flickrid>NULL</flickrid>
<annotator>1</annotator>
</source>
<owner>
<flickrid>NULL</flickrid>
<name>Label Studio</name>
</owner>
<size>
<width>1557</width>
<height>2048</height>
<depth>3</depth>
</size>
<segmented>0</segmented>
<object>
<name>Shuttlecock</name>
<pose>Unspecified</pose>
<truncated>0</truncated>
<difficult>0</difficult>
<bndbox>
<xmin>807</xmin>
<ymin>138</ymin>
<xmax>1109</xmax>
<ymax>452</ymax>
</bndbox>
</object>
</annotation>
