<?xml version="1.0" encoding="utf-8"?>
<annotation>
<folder>images</folder>
<filename>7afa60e5-shuttlecok_018.jpg</filename>
<source>
<database>MyDatabase</database>
<annotation>COCO2017</annotation>
<image>flickr</image>
<flickrid>NULL</flickrid>
<annotator>1</annotator>
</source>
<owner>
<flickrid>NULL</flickrid>
<name>Label Studio</name>
</owner>
<size>
<width>1507</width>
<height>2048</height>
<depth>3</depth>
</size>
<segmented>0</segmented>
<object>
<name>Shuttlecock</name>
<pose>Unspecified</pose>
<truncated>0</truncated>
<difficult>0</difficult>
<bndbox>
<xmin>209</xmin>
<ymin>19</ymin>
<xmax>456</xmax>
<ymax>219</ymax>
</bndbox>
</object>
</annotation>
