<?xml version="1.0" encoding="utf-8"?>
<annotation>
<folder>images</folder>
<filename>7d1d8aa5-mask_055.jpg</filename>
<source>
<database>MyDatabase</database>
<annotation>COCO2017</annotation>
<image>flickr</image>
<flickrid>NULL</flickrid>
<annotator>1</annotator>
</source>
<owner>
<flickrid>NULL</flickrid>
<name>Label Studio</name>
</owner>
<size>
<width>992</width>
<height>558</height>
<depth>3</depth>
</size>
<segmented>0</segmented>
<object>
<name>Wearing_Mask</name>
<pose>Unspecified</pose>
<truncated>0</truncated>
<difficult>0</difficult>
<bndbox>
<xmin>454</xmin>
<ymin>48</ymin>
<xmax>594</xmax>
<ymax>220</ymax>
</bndbox>
</object>
</annotation>
