<?xml version="1.0" encoding="utf-8"?>
<annotation>
<folder>images</folder>
<filename>8107fc28-shuttlecok_068.jpg</filename>
<source>
<database>MyDatabase</database>
<annotation>COCO2017</annotation>
<image>flickr</image>
<flickrid>NULL</flickrid>
<annotator>1</annotator>
</source>
<owner>
<flickrid>NULL</flickrid>
<name>Label Studio</name>
</owner>
<size>
<width>2048</width>
<height>1365</height>
<depth>3</depth>
</size>
<segmented>0</segmented>
<object>
<name>Shuttlecock</name>
<pose>Unspecified</pose>
<truncated>0</truncated>
<difficult>0</difficult>
<bndbox>
<xmin>565</xmin>
<ymin>207</ymin>
<xmax>1207</xmax>
<ymax>746</ymax>
</bndbox>
</object>
</annotation>
