<?xml version="1.0" encoding="utf-8"?>
<annotation>
<folder>images</folder>
<filename>82dee219-mask_067.jpg</filename>
<source>
<database>MyDatabase</database>
<annotation>COCO2017</annotation>
<image>flickr</image>
<flickrid>NULL</flickrid>
<annotator>1</annotator>
</source>
<owner>
<flickrid>NULL</flickrid>
<name>Label Studio</name>
</owner>
<size>
<width>4291</width>
<height>2861</height>
<depth>3</depth>
</size>
<segmented>0</segmented>
<object>
<name>Wearing_Mask</name>
<pose>Unspecified</pose>
<truncated>0</truncated>
<difficult>0</difficult>
<bndbox>
<xmin>1936</xmin>
<ymin>189</ymin>
<xmax>2521</xmax>
<ymax>900</ymax>
</bndbox>
</object>
<object>
<name>Wearing_Mask</name>
<pose>Unspecified</pose>
<truncated>0</truncated>
<difficult>0</difficult>
<bndbox>
<xmin>482</xmin>
<ymin>518</ymin>
<xmax>721</xmax>
<ymax>767</ymax>
</bndbox>
</object>
</annotation>
