<?xml version="1.0" encoding="utf-8"?>
<annotation>
<folder>images</folder>
<filename>8acffbc7-mask_010.jpg</filename>
<source>
<database>MyDatabase</database>
<annotation>COCO2017</annotation>
<image>flickr</image>
<flickrid>NULL</flickrid>
<annotator>1</annotator>
</source>
<owner>
<flickrid>NULL</flickrid>
<name>Label Studio</name>
</owner>
<size>
<width>1600</width>
<height>1155</height>
<depth>3</depth>
</size>
<segmented>0</segmented>
<object>
<name>Wearing_Mask</name>
<pose>Unspecified</pose>
<truncated>0</truncated>
<difficult>0</difficult>
<bndbox>
<xmin>976</xmin>
<ymin>142</ymin>
<xmax>1283</xmax>
<ymax>487</ymax>
</bndbox>
</object>
<object>
<name>Wearing_Mask</name>
<pose>Unspecified</pose>
<truncated>0</truncated>
<difficult>0</difficult>
<bndbox>
<xmin>784</xmin>
<ymin>413</ymin>
<xmax>1059</xmax>
<ymax>735</ymax>
</bndbox>
</object>
</annotation>
