<?xml version="1.0" encoding="utf-8"?>
<annotation>
<folder>images</folder>
<filename>8cbeb1e9-shuttlecok_012.jpg</filename>
<source>
<database>MyDatabase</database>
<annotation>COCO2017</annotation>
<image>flickr</image>
<flickrid>NULL</flickrid>
<annotator>1</annotator>
</source>
<owner>
<flickrid>NULL</flickrid>
<name>Label Studio</name>
</owner>
<size>
<width>1280</width>
<height>853</height>
<depth>3</depth>
</size>
<segmented>0</segmented>
<object>
<name>Shuttlecock</name>
<pose>Unspecified</pose>
<truncated>0</truncated>
<difficult>0</difficult>
<bndbox>
<xmin>336</xmin>
<ymin>141</ymin>
<xmax>612</xmax>
<ymax>596</ymax>
</bndbox>
</object>
<object>
<name>Shuttlecock</name>
<pose>Unspecified</pose>
<truncated>0</truncated>
<difficult>0</difficult>
<bndbox>
<xmin>541</xmin>
<ymin>230</ymin>
<xmax>956</xmax>
<ymax>597</ymax>
</bndbox>
</object>
</annotation>
