<?xml version="1.0" encoding="utf-8"?>
<annotation>
<folder>images</folder>
<filename>95d7228c-shuttlecok_062.jpg</filename>
<source>
<database>MyDatabase</database>
<annotation>COCO2017</annotation>
<image>flickr</image>
<flickrid>NULL</flickrid>
<annotator>1</annotator>
</source>
<owner>
<flickrid>NULL</flickrid>
<name>Label Studio</name>
</owner>
<size>
<width>1800</width>
<height>1200</height>
<depth>3</depth>
</size>
<segmented>0</segmented>
<object>
<name>Shuttlecock</name>
<pose>Unspecified</pose>
<truncated>0</truncated>
<difficult>0</difficult>
<bndbox>
<xmin>858</xmin>
<ymin>312</ymin>
<xmax>1593</xmax>
<ymax>912</ymax>
</bndbox>
</object>
</annotation>
