<?xml version="1.0" encoding="utf-8"?>
<annotation>
<folder>images</folder>
<filename>9c2414f4-mask_058.jpg</filename>
<source>
<database>MyDatabase</database>
<annotation>COCO2017</annotation>
<image>flickr</image>
<flickrid>NULL</flickrid>
<annotator>1</annotator>
</source>
<owner>
<flickrid>NULL</flickrid>
<name>Label Studio</name>
</owner>
<size>
<width>1258</width>
<height>786</height>
<depth>3</depth>
</size>
<segmented>0</segmented>
<object>
<name>Wearing_Mask</name>
<pose>Unspecified</pose>
<truncated>0</truncated>
<difficult>0</difficult>
<bndbox>
<xmin>403</xmin>
<ymin>23</ymin>
<xmax>845</xmax>
<ymax>577</ymax>
</bndbox>
</object>
</annotation>
