<?xml version="1.0" encoding="utf-8"?>
<annotation>
<folder>images</folder>
<filename>bf03cf64-shuttlecok_077.jpg</filename>
<source>
<database>MyDatabase</database>
<annotation>COCO2017</annotation>
<image>flickr</image>
<flickrid>NULL</flickrid>
<annotator>1</annotator>
</source>
<owner>
<flickrid>NULL</flickrid>
<name>Label Studio</name>
</owner>
<size>
<width>2048</width>
<height>1365</height>
<depth>3</depth>
</size>
<segmented>0</segmented>
<object>
<name>Shuttlecock</name>
<pose>Unspecified</pose>
<truncated>0</truncated>
<difficult>0</difficult>
<bndbox>
<xmin>1152</xmin>
<ymin>372</ymin>
<xmax>1618</xmax>
<ymax>803</ymax>
</bndbox>
</object>
</annotation>
