<?xml version="1.0" encoding="utf-8"?>
<annotation>
<folder>images</folder>
<filename>bf18e198-mask_030.png</filename>
<source>
<database>MyDatabase</database>
<annotation>COCO2017</annotation>
<image>flickr</image>
<flickrid>NULL</flickrid>
<annotator>1</annotator>
</source>
<owner>
<flickrid>NULL</flickrid>
<name>Label Studio</name>
</owner>
<size>
<width>400</width>
<height>226</height>
<depth>4</depth>
</size>
<segmented>0</segmented>
<object>
<name>Wearing_Mask</name>
<pose>Unspecified</pose>
<truncated>0</truncated>
<difficult>0</difficult>
<bndbox>
<xmin>196</xmin>
<ymin>29</ymin>
<xmax>241</xmax>
<ymax>83</ymax>
</bndbox>
</object>
<object>
<name>Wearing_Mask</name>
<pose>Unspecified</pose>
<truncated>0</truncated>
<difficult>0</difficult>
<bndbox>
<xmin>295</xmin>
<ymin>44</ymin>
<xmax>336</xmax>
<ymax>87</ymax>
</bndbox>
</object>
</annotation>
