<?xml version="1.0" encoding="utf-8"?>
<annotation>
<folder>images</folder>
<filename>c8ff7f3b-shuttlecok_048.jpeg</filename>
<source>
<database>MyDatabase</database>
<annotation>COCO2017</annotation>
<image>flickr</image>
<flickrid>NULL</flickrid>
<annotator>1</annotator>
</source>
<owner>
<flickrid>NULL</flickrid>
<name>Label Studio</name>
</owner>
<size>
<width>1023</width>
<height>686</height>
<depth>3</depth>
</size>
<segmented>0</segmented>
<object>
<name>Shuttlecock</name>
<pose>Unspecified</pose>
<truncated>0</truncated>
<difficult>0</difficult>
<bndbox>
<xmin>287</xmin>
<ymin>108</ymin>
<xmax>717</xmax>
<ymax>506</ymax>
</bndbox>
</object>
</annotation>
