<?xml version="1.0" encoding="utf-8"?>
<annotation>
<folder>images</folder>
<filename>d4ac7e42-shuttlecok_029.jpeg</filename>
<source>
<database>MyDatabase</database>
<annotation>COCO2017</annotation>
<image>flickr</image>
<flickrid>NULL</flickrid>
<annotator>1</annotator>
</source>
<owner>
<flickrid>NULL</flickrid>
<name>Label Studio</name>
</owner>
<size>
<width>1024</width>
<height>683</height>
<depth>3</depth>
</size>
<segmented>0</segmented>
<object>
<name>Shuttlecock</name>
<pose>Unspecified</pose>
<truncated>0</truncated>
<difficult>0</difficult>
<bndbox>
<xmin>172</xmin>
<ymin>258</ymin>
<xmax>648</xmax>
<ymax>587</ymax>
</bndbox>
</object>
<object>
<name>Shuttlecock</name>
<pose>Unspecified</pose>
<truncated>0</truncated>
<difficult>0</difficult>
<bndbox>
<xmin>628</xmin>
<ymin>65</ymin>
<xmax>855</xmax>
<ymax>361</ymax>
</bndbox>
</object>
</annotation>
