<?xml version="1.0" encoding="utf-8"?>
<annotation>
<folder>images</folder>
<filename>d5ce57d8-shuttlecok_072.jpg</filename>
<source>
<database>MyDatabase</database>
<annotation>COCO2017</annotation>
<image>flickr</image>
<flickrid>NULL</flickrid>
<annotator>1</annotator>
</source>
<owner>
<flickrid>NULL</flickrid>
<name>Label Studio</name>
</owner>
<size>
<width>2048</width>
<height>1498</height>
<depth>3</depth>
</size>
<segmented>0</segmented>
<object>
<name>Shuttlecock</name>
<pose>Unspecified</pose>
<truncated>0</truncated>
<difficult>0</difficult>
<bndbox>
<xmin>1139</xmin>
<ymin>390</ymin>
<xmax>1680</xmax>
<ymax>788</ymax>
</bndbox>
</object>
</annotation>
