<?xml version="1.0" encoding="utf-8"?>
<annotation>
<folder>images</folder>
<filename>d774b365-shuttlecok_034.jpeg</filename>
<source>
<database>MyDatabase</database>
<annotation>COCO2017</annotation>
<image>flickr</image>
<flickrid>NULL</flickrid>
<annotator>1</annotator>
</source>
<owner>
<flickrid>NULL</flickrid>
<name>Label Studio</name>
</owner>
<size>
<width>1024</width>
<height>683</height>
<depth>3</depth>
</size>
<segmented>0</segmented>
<object>
<name>Shuttlecock</name>
<pose>Unspecified</pose>
<truncated>0</truncated>
<difficult>0</difficult>
<bndbox>
<xmin>401</xmin>
<ymin>256</ymin>
<xmax>620</xmax>
<ymax>421</ymax>
</bndbox>
</object>
</annotation>
