<?xml version="1.0" encoding="utf-8"?>
<annotation>
<folder>images</folder>
<filename>dd3347ed-mask_015.png</filename>
<source>
<database>MyDatabase</database>
<annotation>COCO2017</annotation>
<image>flickr</image>
<flickrid>NULL</flickrid>
<annotator>1</annotator>
</source>
<owner>
<flickrid>NULL</flickrid>
<name>Label Studio</name>
</owner>
<size>
<width>267</width>
<height>400</height>
<depth>4</depth>
</size>
<segmented>0</segmented>
<object>
<name>Wearing_Mask</name>
<pose>Unspecified</pose>
<truncated>0</truncated>
<difficult>0</difficult>
<bndbox>
<xmin>70</xmin>
<ymin>9</ymin>
<xmax>220</xmax>
<ymax>171</ymax>
</bndbox>
</object>
</annotation>
