<?xml version="1.0" encoding="utf-8"?>
<annotation>
<folder>images</folder>
<filename>e1391e23-mask_025.png</filename>
<source>
<database>MyDatabase</database>
<annotation>COCO2017</annotation>
<image>flickr</image>
<flickrid>NULL</flickrid>
<annotator>1</annotator>
</source>
<owner>
<flickrid>NULL</flickrid>
<name>Label Studio</name>
</owner>
<size>
<width>301</width>
<height>400</height>
<depth>4</depth>
</size>
<segmented>0</segmented>
<object>
<name>Wearing_Mask</name>
<pose>Unspecified</pose>
<truncated>0</truncated>
<difficult>0</difficult>
<bndbox>
<xmin>40</xmin>
<ymin>209</ymin>
<xmax>157</xmax>
<ymax>355</ymax>
</bndbox>
</object>
</annotation>
