<?xml version="1.0" encoding="utf-8"?>
<annotation>
<folder>images</folder>
<filename>e4ada5ff-shuttlecok_030.jpeg</filename>
<source>
<database>MyDatabase</database>
<annotation>COCO2017</annotation>
<image>flickr</image>
<flickrid>NULL</flickrid>
<annotator>1</annotator>
</source>
<owner>
<flickrid>NULL</flickrid>
<name>Label Studio</name>
</owner>
<size>
<width>1024</width>
<height>743</height>
<depth>3</depth>
</size>
<segmented>0</segmented>
<object>
<name>Shuttlecock</name>
<pose>Unspecified</pose>
<truncated>0</truncated>
<difficult>0</difficult>
<bndbox>
<xmin>418</xmin>
<ymin>15</ymin>
<xmax>846</xmax>
<ymax>614</ymax>
</bndbox>
</object>
</annotation>
