<?xml version="1.0" encoding="utf-8"?>
<annotation>
<folder>images</folder>
<filename>fa5edf3a-shuttlecok_052.jpg</filename>
<source>
<database>MyDatabase</database>
<annotation>COCO2017</annotation>
<image>flickr</image>
<flickrid>NULL</flickrid>
<annotator>1</annotator>
</source>
<owner>
<flickrid>NULL</flickrid>
<name>Label Studio</name>
</owner>
<size>
<width>850</width>
<height>566</height>
<depth>3</depth>
</size>
<segmented>0</segmented>
<object>
<name>Shuttlecock</name>
<pose>Unspecified</pose>
<truncated>0</truncated>
<difficult>0</difficult>
<bndbox>
<xmin>515</xmin>
<ymin>191</ymin>
<xmax>734</xmax>
<ymax>480</ymax>
</bndbox>
</object>
</annotation>
